Client ID,Full Name,Address,Phone,Email,Act/Desact,Bandwidth,VLAN ID,IP,IP Gateway,Leases,User,Password, MAC
13,Iri Mar,Wild 85  ,24105,user1049702@email.com,1,25Mb,10,10.10.10.1,10.10.12.217,0:22:32:3,user_irigo,pass_en13,MAC_HWTCB1
15,Ben Alb,Alte 40  ,24160,user255532@email.com,1,15Mb,10,10.10.10.1,10.10.10.233,0:2:10:27,user_benit,pass_ez15,MAC_HWTC6B
16,Ben Iso,Pueb 85  ,24331,user439715@email.com,1,25Mb,10,10.10.10.1,10.10.10.45,0:39:39:33,user_benav,pass_ez16,MAC_HWTC6B
17,Bil Gas,Pell 23  ,24190,user213059@email.com,1,25Mb,10,10.10.10.1,10.10.12.10,0:20:15:0,user_bille,pass_es17,MAC_HWTC6B
24,Mas Ric,Gral 67  ,24302,user768762@email.com,1,50Mb,10,10.10.10.1,10.10.13.244,0:33:13:45,user_massa,pass_ro24,MAC_HWTC6B
36,Jua Wal,San  63  ,24409,user668797@email.com,1,15Mb,10,10.10.10.1,10.10.12.29,0:21:55:9,user_juant,pass_uy36,MAC_HWTC6B
45,Gop Nor,Pueb 20  ,24119,user1080553@email.com,1,50Mb,10,10.10.10.1,10.10.12.100,0:55:28:26,user_gopar,pass_ar45,MAC_HWTC6B
65,Gom Emi,Bo.  84  ,24054,user1044713@email.com,1,15Mb,10,10.10.10.1,10.10.10.39,0:20:44:15,user_gomba,pass_ba65,MAC_HWTC6B
67,Bra Jos,Bo.  ra  ,24373,user1164386@email.com,1,25Mb,10,10.10.10.1,10.10.13.197,0:58:17:42,user_brama,pass_jo67,MAC_HWTC6B
72,Cor Alb,Cisn 33  ,24221,user1186891@email.com,1,50Mb,10,10.10.10.1,10.10.12.113,0:22:39:47,user_corvi,pass_no72,MAC_HWTC6B
85,Lop Bal,Sord 33  ,24083,user208235@email.com,1,15Mb,10,10.10.10.1,10.10.10.80,0:36:28:57,user_lopez,pass_ez85,MAC_HWTC6B
99,Oho Mar,Puey 15  ,24266,user907740@email.com,1,25Mb,10,10.10.10.1,10.10.13.43,0:13:51:27,user_ohole,pass_uy99,MAC_HWTCB1
107,San San,San  92  ,24298,user339053@email.com,1,50Mb,10,10.10.10.1,10.10.12.165,0:29:47:4,user_sanma,pass_n107,MAC_HWTC15
116,Arn Die,Bdo. 71  ,24228,user1085578@email.com,1,25Mb,10,10.10.10.1,10.10.13.133,0:50:47:12,user_arnai,pass_z116,MAC_HWTC6B
119,Pau Jua,Bo.  18  ,24433,user451818@email.com,1,25Mb,10,10.10.10.1,10.10.12.13,0:11:1:30,user_paulu,pass_i119,MAC_HWTC6B
120,Urd Car,Alsi 85  ,24233,user944575@email.com,1,25Mb,10,10.10.10.1,10.10.11.4,0:4:12:28,user_urdan,pass_z120,MAC_HWTC6B
151,Che Xin,C. M 40  ,24236,user1002737@email.com,1,25Mb,10,10.10.10.1,10.10.13.71,0:4:8:34,user_chen_,pass_n151,MAC_HWTCB1
154,Ver Gab,C. M 71  ,24094,user630581@email.com,1,25Mb,10,10.10.10.1,10.10.11.115,0:55:36:10,user_vera_,pass_a154,MAC_HWTC6B
157,Cou Ana,Bo.   9  ,24484,user573892@email.com,1,25Mb,10,10.10.10.1,10.10.11.31,0:22:42:49,user_couse,pass_o157,MAC_HWTC6B
161,Ord Pab,Libe 37  ,24372,user205924@email.com,1,25Mb,10,10.10.10.1,10.10.12.180,0:13:12:52,user_ordon,pass_z161,MAC_HWTC6B
168,Bau Bea,Puey 22  ,24318,user380056@email.com,1,25Mb,10,10.10.10.1,10.10.11.233,0:47:13:18,user_bauer,pass_r168,MAC_HWTC6B
170,Lom Jor,Gral 23  ,24270,user1056791@email.com,1,15Mb,10,10.10.10.1,10.10.11.150,0:33:18:33,user_lomez,pass_z170,MAC_HWTC6B
181,Car Mar,Bo.  11  ,14236,user858548@email.com,1,25Mb,10,10.10.10.1,10.10.10.202,0:35:35:47,user_carta,pass_o181,MAC_HWTC6B
188,Tor Fer,Bo.  13  ,24109,user581425@email.com,1,25Mb,10,10.10.10.1,10.10.12.249,0:41:36:28,user_torre,pass_s188,MAC_HWTCB1
189,Fio Dai,Pasa  Y  ,24460,user603756@email.com,1,25Mb,10,10.10.10.1,10.10.13.240,0:39:27:36,user_fiola,pass_a189,MAC_HWTCB1
203,Di  Ant,Sarm 24  ,24171,user491386@email.com,1,25Mb,10,10.10.10.1,10.10.11.251,0:31:46:6,user_disie,pass_i203,MAC_HWTC6B
227,Lou Car,Hip. 34  ,24181,user680067@email.com,1,25Mb,10,10.10.10.1,10.10.12.235,0:43:32:33,user_lourt,pass_u227,MAC_HWTC6B
248,Ord Roq,Case 28  ,24324,user647827@email.com,1,25Mb,10,10.10.10.1,10.10.13.239,0:32:14:34,user_ordon,pass_z248,MAC_HWTC6B
252,Nor Nor,Carm 42  ,24060,user473634@email.com,1,50Mb,10,10.10.10.1,10.10.12.243,0:25:35:12,user_norde,pass_s252,MAC_HWTCB1
254,Riz Emi,25 M 40  ,24346,user957796@email.com,1,25Mb,10,10.10.10.1,10.10.10.12,0:7:36:12,user_rizzu,pass_i254,MAC_HWTC6B
270,Mar Mon,Cons 23  ,24217,user907429@email.com,1,25Mb,10,10.10.10.1,10.10.13.33,0:45:9:54,user_marin,pass_o270,MAC_HWTC6B
273,Cab Mar,Bo.  30  ,24005,user1062675@email.com,1,25Mb,10,10.10.10.1,10.10.12.221,0:48:9:11,user_cabra,pass_l273,MAC_HWTC6B
275,Ver Ana,Sant 41  ,24173,user1135476@email.com,1,15Mb,10,10.10.10.1,10.10.12.191,0:21:23:37,user_vera_,pass_a275,MAC_HWTC6B
292,Tol Nic,Pueb 537 ,24326,user1086662@email.com,1,15Mb,10,10.10.10.1,10.10.11.12,0:30:54:33,user_toled,pass_o292,MAC_HWTC6B
380,Lou Mab,Alem 97  ,24318,user566203@email.com,1,25Mb,10,10.10.10.1,10.10.11.69,0:10:7:57,user_loust,pass_u380,MAC_HWTC6B
387,Gua Ald,Alsi 187 ,24143,user798381@email.com,1,15Mb,10,10.10.10.1,10.10.10.117,0:38:0:49,user_guall,pass_n387,MAC_HWTC6B
400,Luj Ste,Bo.  19  ,24192,user779762@email.com,1,25Mb,10,10.10.10.1,10.10.13.224,0:13:59:49,user_lujan,pass_n400,MAC_HWTC6B
419,Cor Ari,Pueb 05  ,24025,user805581@email.com,1,25Mb,10,10.10.10.1,10.10.10.123,0:50:43:20,user_cordo,pass_a419,MAC_HWTC6B
423,Ber Gus,Avel 31  ,24240,user428497@email.com,1,25Mb,10,10.10.10.1,10.10.12.127,0:20:6:45,user_beras,pass_n423,MAC_HWTC6B
429,Mac Sil,Azul 26  ,24138,user236320@email.com,1,25Mb,10,10.10.10.1,10.10.11.28,0:45:59:57,user_macie,pass_l429,MAC_HWTC6B
436,Cab Gla,Avel  6  ,24210,user257517@email.com,1,50Mb,10,10.10.10.1,10.10.10.153,0:19:33:14,user_caban,pass__436,MAC_HWTCB1
447,Arr Ric,Pueb 384 ,24388,user667868@email.com,1,25Mb,10,10.10.10.1,10.10.13.130,0:28:43:56,user_arrib,pass__447,MAC_HWTC6B
468,Bid Mar,Azul 358 ,24446,user303104@email.com,1,25Mb,10,10.10.10.1,10.10.11.117,0:44:46:23,user_bideb,pass_e468,MAC_HWTCB1
496,Abr Hug,Las  35  ,24237,user709169@email.com,1,25Mb,10,10.10.10.1,10.10.11.16,0:53:47:31,user_abreg,pass_o496,MAC_HWTC6B
503,Moy Adr,Alve 73  ,24153,user480422@email.com,1,25Mb,10,10.10.10.1,10.10.12.114,0:39:39:21,user_moyan,pass_o503,
513,Ben Nil,Case s)  ,24253,user420088@email.com,1,15Mb,10,10.10.10.1,10.10.10.215,0:10:45:18,user_benav,pass_z513,HWTC6BE47D20
515,Goo Goo,Pell 19  ,24139,user1055300@email.com,1,50Mb,10,10.10.10.1,10.10.13.79,0:54:42:30,user_goodc,pass_e515,HWTCB1A8FC30
517,Bla Fab,Dorr 41  ,24286,user831825@email.com,1,50Mb,10,10.10.10.1,10.10.12.136,0:48:58:17,user_blast,pass_n517,HWTC6B095110
536,Luj Alf,Bo.  56  ,24200,user777688@email.com,1,25Mb,10,10.10.10.1,10.10.10.201,0:11:27:2,user_lujan,pass_an56,HWTC6BE43BE0
544,Alo Ana,Puey 73  ,24155,user453820@email.com,1,25Mb,10,10.10.10.1,10.10.11.225,0:26:46:54,user_alons,pass_o544,HWTC6B3F78B0
575,Rod Ale,Hip. 75  ,24142,user686632@email.com,1,25Mb,10,10.10.10.1,10.10.12.174,0:18:17:27,user_rodri,pass_z575,HWTC6B3F5AA0
585,Led Jaz,Hipo 309 ,24330,user1156685@email.com,1,25Mb,10,10.10.10.1,10.10.10.21,0:7:0:0,user_ledes,pass_a585,HWTC6BE49570
600,Jou Mar,Sarm a)  ,24039,user422377@email.com,1,15Mb,10,10.10.10.1,10.10.13.247,0:29:15:38,user_jourd,pass_n600,HWTC6BE49E30
604,Taf Mig,San  ul  ,24084,user562072@email.com,1,50Mb,10,10.10.10.1,10.10.12.6,0:43:25:59,user_tafur,pass_a604,
624,Red Mau,More 62  ,24132,user514514@email.com,1,25Mb,10,10.10.10.1,10.10.11.203,0:22:14:51,user_redol,pass_i624,HWTC6B3F46A0
627,Ban Cre,San  io  ,24416,user973276@email.com,1,50Mb,10,10.10.10.1,10.10.11.221,0:48:38:26,user_bcocr,pass_p627,HWTC6B3F3920
665,Alv Naz,Alve 23  ,24310,user1153636@email.com,1,25Mb,10,10.10.10.1,10.10.13.4,0:13:38:0,user_alvar,pass_o665,HWTC6BE49540
669,De  De ,25 d 493 ,24317,user1046648@email.com,1,50Mb,10,10.10.10.1,10.10.10.79,0:45:52:11,user_depun,pass_o669,HWTC6B0943B0
671,Jau Ber,Azul 647 ,24371,user758700@email.com,1,15Mb,10,10.10.10.1,10.10.10.66,0:20:23:48,user_jaure,pass_i671,HWTC6BE48950
678,Gon Mat,Bdo. 17  ,24128,user596642@email.com,1,25Mb,10,10.10.10.1,10.10.10.157,0:48:20:32,user_gonza,pass_s678,HWTCB1A922B0
702,Lia Isa,Azul 36  ,24234,user661693@email.com,1,25Mb,10,10.10.10.1,10.10.10.248,0:8:50:28,user_lias_,pass_s702,HWTC6BE48F70
737,Gue Mar,More 891 ,24487,user950036@email.com,1,15Mb,10,10.10.10.1,10.10.10.244,0:27:18:47,user_guere,pass_n737,
759,Cop Fab,San  78  ,24320,user1106786@email.com,1,25Mb,10,10.10.10.1,10.10.10.74,0:51:9:25,user_coppo,pass_a759,HWTC6B3F80F0
772,Mun Jul,Bo.  .3  ,24366,user270196@email.com,1,25Mb,10,10.10.10.1,10.10.12.89,0:43:12:1,user_munic,pass_y772,HWTCB1A8F5D0
794,Gut Fac,Azul 71  ,24484,user680051@email.com,1,25Mb,10,10.10.10.1,10.10.13.84,0:22:20:20,user_gutie,pass_z794,HWTCB1A90060
839,Die Luc,Las  273 ,24275,user362792@email.com,1,15Mb,10,10.10.10.1,10.10.11.102,0:50:49:34,user_dieri,pass_x839,HWTC6B094880
864,Gar Pao,C.te 38  ,24106,user894560@email.com,1,50Mb,10,10.10.10.1,10.10.11.124,0:5:6:57,user_garci,pass_a864,HWTC6B099DF0
865,Luc Sus,Cons 08  ,24058,user944266@email.com,1,25Mb,10,10.10.10.1,10.10.13.56,0:43:1:19,user_lucch,pass_e865,HWTC6BE48E70
866,Lac Mar,Bo.  10  ,24126,user515200@email.com,1,25Mb,10,10.10.10.1,10.10.12.29,0:2:47:14,user_lacav,pass_e866,HWTC6BE43BA0
869,Riv Edu,Dorr 674 ,24269,user783623@email.com,1,200Mb,10,10.10.10.1,10.10.10.208,0:19:55:22,user_rossi,pass_i869,HWTCB1A8FDF0
872,Fav Adr,Alsi 24  ,14468,user1080292@email.com,1,50Mb,10,10.10.10.1,10.10.11.70,0:2:58:1,user_favre,pass_e872,HWTC6B3F53F0
911,Ber Gus,Sarm 37  ,24496,user365116@email.com,1,25Mb,10,10.10.10.1,10.10.10.18,0:37:8:4,user_beras,pass_n911,HWTCB1A8EE10
918,Lap Eri,Avel 23  ,24289,user647266@email.com,1,25Mb,10,10.10.10.1,10.10.13.154,0:46:7:32,user_lapad,pass_a918,HWTCB1A903A0
921,Zar Edg,Puey 26  ,24316,user577994@email.com,1,25Mb,10,10.10.10.1,10.10.11.101,0:43:7:37,user_zarau,pass_a921,HWTC6BE49AA0
948,Joh Edg,Bdo. 75  ,24191,user1054966@email.com,1,25Mb,10,10.10.10.1,10.10.13.162,0:32:46:20,user_johns,pass_n948,HWTC6B3F7F80
957,Gav Val,Sord 66  ,24088,user776212@email.com,1,25Mb,10,10.10.10.1,10.10.10.123,0:43:5:57,user_gavaz,pass_a957,HWTC6BE44E20
973,Van Ric,Nica 79  ,24073,user696575@email.com,1,25Mb,10,10.10.10.1,10.10.10.203,0:5:13:25,user_vanol,pass_i973,HWTCB1A8EE40
975,Dia Den,Dorr 34  ,24475,user362059@email.com,1,25Mb,10,10.10.10.1,10.10.11.183,0:23:22:5,user_diaz_,pass_z975,HWTC6B0EE870
978,Gue Rub,Wild 90  ,24119,user453640@email.com,1,25Mb,10,10.10.10.1,10.10.11.227,0:38:53:25,user_guerr,pass_o978,HWTC6BE47AF0
982,Orl Nic,Alve 09  ,24299,user806261@email.com,1,25Mb,10,10.10.10.1,10.10.11.120,0:50:52:20,user_orlan,pass_o982,HWTC6BE4AC10
991,Pog Car,Carm 71  ,24151,user987089@email.com,1,25Mb,10,10.10.10.1,10.10.10.248,0:59:57:13,user_poggi,pass_i991,HWTC6BE4B130
992,Buc Mar,Case 21  ,24197,user1104975@email.com,1,25Mb,10,10.10.10.1,10.10.12.18,0:12:17:44,user_bucci,pass_i992,HWTCB1A90EC0
1007,Mon Gus,Carm 10  ,24474,user1034476@email.com,1,25Mb,10,10.10.10.1,10.10.12.130,0:49:5:43,user_mondi,pass_1007,HWTC6B0EDE30
1034,Ott Ale,Dorr 82  ,24024,user705643@email.com,1,25Mb,10,10.10.10.1,10.10.11.20,0:29:1:46,user_otton,pass_1034,HWTC6B3F80B0
1037,Per Mar,Nica 39  ,24251,user928237@email.com,1,50Mb,10,10.10.10.1,10.10.13.22,0:23:32:14,user_peral,pass_1037,HWTC6B099810
1063,Oro Mar,Azul na  ,24168,user704007@email.com,1,25Mb,10,10.10.10.1,10.10.11.126,0:16:6:38,user_oromi,pass_1063,HWTC6BE48BE0
1091,Di  Jua,Dorr 85  ,24182,user374063@email.com,1,15Mb,10,10.10.10.1,10.10.11.65,0:35:29:51,user_digia,pass_1091,HWTC6BE4A090
1092,Gar Joa,More  4  ,24391,user1158019@email.com,1,15Mb,10,10.10.10.1,10.10.12.132,0:42:38:28,user_garci,pass_1092,HWTCB1A8FA70
1130,Mor Fra,Hip. 08  ,24346,user255703@email.com,1,25Mb,10,10.10.10.1,10.10.10.198,0:52:36:5,user_moril,pass_1130,HWTC6BE466C0
1157,Fra Eli,P.or  8  ,24004,user910060@email.com,1,15Mb,10,10.10.10.1,10.10.12.247,0:43:45:41,user_franc,pass_1157,HWTC6BE44440
1160,But Osv,Alem 63  ,24035,user549981@email.com,1,15Mb,10,10.10.10.1,10.10.10.40,0:44:2:4,user_butti,pass_r263,HWTC6BE47BA0
1177,Gon Jul,Dorr  2  ,24286,user294201@email.com,1,25Mb,10,10.10.10.1,10.10.10.175,0:34:15:28,user_gonza,pass_1177,HWTC6B0F2140
1178,Mak Rau,Alsi 33  ,24144,user203258@email.com,1,15Mb,10,10.10.10.1,10.10.13.73,0:16:49:12,user_makac,pass_1178,HWTC6BE49C40
1187,Ber Ana,Hip. 62  ,24038,user612356@email.com,1,50Mb,10,10.10.10.1,10.10.12.4,0:19:24:16,user_berbe,pass_1187,HWTC6B095D30
1245,Ara Jua,Alve 10  ,24226,user760761@email.com,1,25Mb,10,10.10.10.1,10.10.11.33,0:2:45:10,user_arabe,pass_1245,HWTC6BE493D0
1251,Coc Hug,Sarm 87  ,24057,user207286@email.com,1,25Mb,10,10.10.10.1,10.10.12.15,0:50:20:37,user_cocol,pass_1251,HWTC6B096340
1270,Rom Mar,Case 70  ,24012,user825745@email.com,1,25Mb,10,10.10.10.1,10.10.13.122,0:58:13:12,user_romer,pass_1270,HWTC6B0EADE0
1276,Luc Ser,Larr 98  ,24010,user963956@email.com,1,25Mb,10,10.10.10.1,10.10.10.122,0:26:23:36,user_lucha,pass_1276,HWTC6B0EDEA0
1294,Mas Eli,9 De 57  ,24043,user292662@email.com,1,25Mb,10,10.10.10.1,10.10.13.45,0:30:53:11,user_masen,pass_1294,HWTC6BE47CA0
1302,Gai Mar,9 De 97  ,24120,user974392@email.com,1,15Mb,10,10.10.10.1,10.10.13.103,0:19:8:59,user_gaiot,pass_1302,HWTC6BE48F50
1306,Guz Jul,25 D 622 ,24152,user846347@email.com,1,15Mb,10,10.10.10.1,10.10.13.209,0:52:30:20,user_guzma,pass_1306,HWTC6BE49740
1325,Fal Oma,Bo.e 81  ,24221,user587558@email.com,1,25Mb,10,10.10.10.1,10.10.11.143,0:6:6:43,user_falas,pass_1325,HWTC6BE46390
1328,Zar Jua,Alem 45  ,24243,user571048@email.com,1,15Mb,10,10.10.10.1,10.10.13.131,0:59:21:31,user_zarau,pass_1328,HWTC2B4BAF9B
1342,Fer Die,San  82  ,24427,user379116@email.com,1,200Mb,10,10.10.10.1,10.10.11.211,0:1:9:28,user_ferna,pass_1342,HWTC8E28F960
1343,Sab Nor,Avel 94  ,24059,user419512@email.com,1,15Mb,10,10.10.10.1,10.10.12.17,0:54:38:3,user_sabat,pass_1343,HWTC6B096CB0
1345,Joh Rob,Alem 98  ,24210,user906710@email.com,1,25Mb,10,10.10.10.1,10.10.13.28,0:17:31:16,user_johns,pass_1345,HWTC6BE46FE0
1350,San Mar,Bo.  85  ,24039,user979292@email.com,1,25Mb,10,10.10.10.1,10.10.13.36,0:17:37:47,user_santa,pass_1350,HWTCB1A8E350
1357,Gom Dan,Cisn 61  ,24304,user530185@email.com,1,25Mb,10,10.10.10.1,10.10.12.3,0:15:45:26,user_gomez,pass_1357,HWTCB1A8F820
1358,Bog Jul,San  18  ,24241,user627071@email.com,1,25Mb,10,10.10.10.1,10.10.12.211,0:28:39:47,user_boggi,pass_1358,HWTCB1A8FE20
1360,Mor Ped,Dorr 71  ,24123,user1077775@email.com,1,25Mb,10,10.10.10.1,10.10.10.195,0:47:6:46,user_moren,pass_1360,HWTC6BE498D0
1375,Nan Mon,Pell 45  ,24376,user736654@email.com,1,25Mb,10,10.10.10.1,10.10.13.137,0:35:5:58,user_nanti,pass_1375,HWTC6BE48F40
1376,Cie ,Las  443 ,24075,user364129@email.com,1,50Mb,10,10.10.10.1,10.10.10.173,0:3:16:50,user_cieza,pass_1376,HWTCA35C4E9C
1386,Pug Enz,Alem 82  ,24367,user369342@email.com,1,25Mb,10,10.10.10.1,10.10.10.122,0:59:43:26,user_puga_,pass_1386,HWTC6BE47600
1393,For Gab,Case 59  ,24259,user1030345@email.com,1,25Mb,10,10.10.10.1,10.10.12.170,0:34:31:0,user_foron,pass_1393,HWTC6B3F7FF0
1403,Cav Lea,San   A  ,14497,user578371@email.com,1,25Mb,10,10.10.10.1,10.10.10.164,0:36:21:3,user_cavig,pass_1403,HWTCB1A8F020
1405,Luc Mar,R. V 18  ,24492,user984697@email.com,1,15Mb,10,10.10.10.1,10.10.13.183,0:50:19:39,user_lucer,pass_1405,HWTC6BE43EA0
1424,Luc Mar,Pte. 91  ,24108,user466981@email.com,1,25Mb,10,10.10.10.1,10.10.10.247,0:14:20:23,user_lucha,pass_1424,HWTC6B3F33B0
1430,Fel Mar,Gral 88  ,24227,user331531@email.com,1,25Mb,10,10.10.10.1,10.10.12.143,0:48:32:47,user_felic,pass_1430,HWTC6BE465E0
1433,Ech Fer,Belg 382 ,24045,user1083132@email.com,1,200Mb,10,10.10.10.1,10.10.12.65,0:12:42:28,user_echev,pass_riaf,HWTC6BE451B0
1450,Ric Lau,Alte 99  ,24144,user770893@email.com,1,25Mb,10,10.10.10.1,10.10.13.110,0:8:47:8,user_ricci,pass_1450,HWTCB1A8FE60
1456,Alv Jor,Alem 86  ,24103,user495830@email.com,1,25Mb,10,10.10.10.1,10.10.13.121,0:4:41:8,user_alvar,pass_1456,HWTCB1A90C50
1460,Ian Eva,Bo.  26  ,24099,user854555@email.com,1,25Mb,10,10.10.10.1,10.10.12.174,0:49:36:38,user_ianin,pass_1460,HWTC6B3F4440
1462,Ast Gui,Alsi 29  ,24074,user302738@email.com,1,25Mb,10,10.10.10.1,10.10.10.113,0:58:30:27,user_astiz,pass_1462,HWTCB1A90310
1470,Orl Myr,Sord 55  ,24418,user470662@email.com,1,15Mb,10,10.10.10.1,10.10.11.209,0:6:16:43,user_orlan,pass_1470,HWTC6BE46570
1478,Jee Jos,Bo.e 83  ,24056,user1158390@email.com,1,25Mb,10,10.10.10.1,10.10.11.7,0:33:24:58,user_jeeve,pass_1478,HWTC6BE482D0
1480,Gui Mar,Alem 53  ,24127,user679073@email.com,1,25Mb,10,10.10.10.1,10.10.12.184,0:40:29:59,user_guill,pass_1480,HWTCB1A92710
1484,Rod Rom,Alve o)  ,24233,user320636@email.com,1,50Mb,10,10.10.10.1,10.10.13.196,0:41:34:58,user_rodri,pass_1484,HWTC6B0EC130
1486,Cat Gri,Alem 590 ,24432,user1006259@email.com,1,25Mb,10,10.10.10.1,10.10.13.243,0:48:43:41,user_cattu,pass_1486,HWTC6B3F7F30
1487,Dis And,Bo.e 70  ,24320,user516067@email.com,1,25Mb,10,10.10.10.1,10.10.12.129,0:26:23:40,user_diste,pass_1487,HWTC6B0EB160
1488,Ris Ram,Bdo  40  ,24015,user1062612@email.com,1,25Mb,10,10.10.10.1,10.10.10.168,0:42:16:12,user_risso,pass_1488,HWTCB1A8FC10
1492,Riq Mig,Avel 86  ,24137,user919782@email.com,1,15Mb,10,10.10.10.1,10.10.10.57,0:30:5:38,user_rique,pass_1492,
1509,Gio Ant,25 D 80  ,24450,user559193@email.com,1,15Mb,10,10.10.10.1,10.10.12.197,0:24:14:13,user_gioia,pass_1509,HWTCB1A8FA50
1521,Lem Ber,Pte. 635 ,24109,user296118@email.com,1,25Mb,10,10.10.10.1,10.10.11.173,0:30:23:19,user_lemma,pass_1521,HWTC6B099D40
1567,Lem And,Bo.  .1  ,24178,user703040@email.com,1,25Mb,10,10.10.10.1,10.10.12.110,0:54:52:8,user_lemma,pass_1567,HWTC6BE45AF0
1570,Man Lau,Cons 96  ,24274,user1112348@email.com,1,50Mb,10,10.10.10.1,10.10.11.71,0:39:4:42,user_manto,pass_1570,HWTC6BE49FB0
1572,Sil Jua,Alve 06  ,24335,user815909@email.com,1,25Mb,10,10.10.10.1,10.10.13.224,0:7:48:21,user_silva,pass_1572,HWTCB1A909F0
1576,Sha Lui,Bo E  18 ,24459,user315981@email.com,1,25Mb,10,10.10.10.1,10.10.12.26,0:16:55:46,user_shamm,pass_1576,HWTCB1A91130
1611,Qui Mar,C.ma 24  ,24048,user1030529@email.com,1,25Mb,10,10.10.10.1,10.10.12.150,0:12:45:28,user_quini,pass_1611,HWTC6B3F7C90
1621,Vig Mar,Hip. 22  ,24263,user881915@email.com,1,25Mb,10,10.10.10.1,10.10.10.122,0:51:12:37,user_vigli,pass_1621,HWTC6B0F1A30
1628,Gui Las,Haro 77  ,24401,user318040@email.com,1,25Mb,10,10.10.10.1,10.10.13.49,0:7:22:37,user_guill,pass_1628,HWTCB1A8F640
1638,Rod Luc,Belg 69  ,24089,user877898@email.com,1,25Mb,10,10.10.10.1,10.10.12.24,0:37:19:47,user_rodri,pass_1638,HWTC6B3F5240
1649,Bia Cef,Carm 26  ,24112,user740462@email.com,1,25Mb,10,10.10.10.1,10.10.10.108,0:34:41:56,user_bianc,pass_1649,HWTC6B3F3830
1659,Ver Ana,Larr 14  ,24449,user1038082@email.com,1,25Mb,10,10.10.10.1,10.10.13.104,0:34:24:49,user_vera_,pass_1659,HWTCB1A8FE40
1680,Ggm Ggm,Riva 43  ,14341,user796860@email.com,1,25Mb,10,10.10.10.1,10.10.10.128,0:8:22:9,user_ggm_s,pass_1680,HWTCB1A90FE0
1681,Gal Car,Bo.p 12  ,14362,user331765@email.com,1,25Mb,10,10.10.10.1,10.10.13.50,0:47:52:21,user_galme,pass_1681,HWTC6B3F7930
1717,Lon Vir,Sarm 17  ,24182,user303782@email.com,1,50Mb,10,10.10.10.1,10.10.13.79,0:36:11:23,user_londa,pass_1717,HWTC6BE4B220
1721,Her Jor,Dorr 13  ,24470,user656318@email.com,1,50Mb,10,10.10.10.1,10.10.11.254,0:13:32:36,user_herre,pass_1721,HWTC6B0EAEF0
1726,Dec Adr,San  80  ,24144,user409127@email.com,1,25Mb,10,10.10.10.1,10.10.13.74,0:15:56:26,user_decun,pass_1726,HWTCB1A8F480
1738,Dag Rub,Bo P 19  ,24124,user966501@email.com,1,25Mb,10,10.10.10.1,10.10.12.170,0:45:51:26,user_dagos,pass_1738,HWTC6B3F7D00
1739,Mal Jos,Nica 57  ,24107,user739654@email.com,1,25Mb,10,10.10.10.1,10.10.11.37,0:35:56:14,user_malco,pass_1739,HWTC6BE46A10
1747,Men Cam,More to C,24450,user1177465@email.com,1,25Mb,10,10.10.10.1,10.10.10.122,0:2:25:1,user_mendi,pass_1747,HWTCB1A922E0
1773,Mor Leo,Carm 46  ,24104,user358839@email.com,1,15Mb,10,10.10.10.1,10.10.10.95,0:31:34:44,user_moral,pass_1773,HWTC6BE43590
1774,Ben Cec,Gral 04  ,24416,user1085918@email.com,1,15Mb,10,10.10.10.1,10.10.12.254,0:22:24:5,user_benag,pass_1774,HWTC6BE472F0
1778,Abe Nel,Cisn 37  ,24119,user563200@email.com,1,25Mb,10,10.10.10.1,10.10.12.38,0:43:18:8,user_abeli,pass_1778,HWTC6B3F4CD0
1787,Mol Vic,Sord 55  ,24323,user983057@email.com,1,25Mb,10,10.10.10.1,10.10.12.123,0:1:30:4,user_molin,pass_1787,HWTC6B3F81D0
1816,De  Luc,9 De 35  ,24310,user649498@email.com,1,50Mb,10,10.10.10.1,10.10.10.59,0:8:0:26,user_delos,pass_1816,HWTCB1A8FE50
1829,Pev Mau,Case 55  ,24206,user779350@email.com,1,25Mb,10,10.10.10.1,10.10.13.145,0:43:47:52,user_pever,pass_1829,HWTCB1A90CA0
1846,Rey Dan,Bo.e 22  ,24370,user694838@email.com,1,15Mb,10,10.10.10.1,10.10.12.124,0:7:44:54,user_rey_d,pass_1846,
1847,Bor Mar,More 463 ,24386,user1161218@email.com,1,25Mb,10,10.10.10.1,10.10.10.20,0:30:29:51,user_borde,pass_1847,HWTCB1A8F750
1869,Mar Pab,Bdo  79  ,24091,user528575@email.com,1,25Mb,10,10.10.10.1,10.10.11.15,0:41:42:0,user_march,pass_1869,HWTCB1A8F8A0
1884,Cal Fac,Las  536 ,24408,user963301@email.com,1,25Mb,10,10.10.10.1,10.10.13.204,0:1:48:56,user_calle,pass_1884,HWTCB1A8F4F0
1888,Ale Mau,Case 38  ,24239,user719703@email.com,1,25Mb,10,10.10.10.1,10.10.12.90,0:31:15:14,user_aleja,pass_1888,HWTCB1A90CE0
1931,Gen Mat,Alve 18  ,24386,user962912@email.com,1,25Mb,10,10.10.10.1,10.10.10.188,0:35:29:0,user_genus,pass_1931,HWTCB1A91F20
1947,Rus Ric,Case  1  ,24043,user918605@email.com,1,25Mb,10,10.10.10.1,10.10.13.233,0:49:38:9,user_russo,pass_1947,HWTCB1A8FD00
1960,Nat Mar,Wild 89  ,24438,user1106276@email.com,1,25Mb,10,10.10.10.1,10.10.13.129,0:10:10:17,user_natur,pass_1960,HWTCB1A8F6A0
1965,Ris Die,Avel 07  ,24087,user403733@email.com,1,25Mb,10,10.10.10.1,10.10.13.147,0:27:31:7,user_risso,pass_1965,HWTCB1A91120
1974,Mel Rob,Sant 38  ,24335,user1059565@email.com,1,50Mb,10,10.10.10.1,10.10.13.135,0:19:44:41,user_meler,pass_1974,HWTC6BE47090
1993,Gut Jos,Inde 35  ,24302,user1074838@email.com,1,50Mb,10,10.10.10.1,10.10.11.141,0:21:17:8,user_gutie,pass_1993,HWTC6B3F7DC0
2001,Yar Jor,Alte 356 ,24372,user734639@email.com,1,25Mb,10,10.10.10.1,10.10.11.77,0:8:3:6,user_yarza,pass_2001,HWTCB1A90A60
2022,Nob kar,Dorr 39  ,24035,user815938@email.com,1,50Mb,10,10.10.10.1,10.10.13.214,0:6:23:56,user_nobar,pass_s639,HWTC6BE48B20
2063,Dam Emi,More 96  ,24348,user761589@email.com,1,25Mb,10,10.10.10.1,10.10.10.9,0:49:3:25,user_dambr,pass_2063,HWTCB1A8F870
2087,Sim Dar,Ruta em  ,24095,user786667@email.com,1,25Mb,10,10.10.10.1,10.10.10.176,0:50:3:59,user_simon,pass_2087,HWTC6BE45B20
2098,Tre Est,Bo.   6  ,24335,user489640@email.com,1,50Mb,10,10.10.10.1,10.10.13.54,0:41:6:24,user_trejo,pass_2098,HWTC6B3F7F70
2106,Par Osv,Alem az  ,24136,user713752@email.com,1,25Mb,10,10.10.10.1,10.10.13.24,0:27:17:6,user_pardo,pass_2106,HWTCB1A8F010
2122,Noc Dai,Bo.l .2  ,24027,user844945@email.com,1,25Mb,10,10.10.10.1,10.10.12.189,0:51:52:40,user_noche,pass_2122,HWTC6BE49670
2143,Fra Rob,Bo.  11  ,24198,user398023@email.com,1,25Mb,10,10.10.10.1,10.10.10.234,0:54:28:45,user_franc,pass_2143,HWTCB1A91780
2166,Oli Nat,Alsi 00  ,24015,user556371@email.com,1,50Mb,10,10.10.10.1,10.10.12.233,0:24:49:19,user_olive,pass_2166,HWTC6B3F5AD0
2168,Car Her,Bdo. 73  ,24184,user1106348@email.com,1,50Mb,10,10.10.10.1,10.10.11.188,0:41:22:3,user_carri,pass_2168,HWTC6B3F8F20
2190,Fal Mar,Bo L 20  ,24242,user875846@email.com,1,25Mb,10,10.10.10.1,10.10.11.7,0:47:14:42,user_falco,pass_2190,HWTC6BE471C0
2206,Bus Dui,Riva 55  ,24379,user1035517@email.com,1,200Mb,10,10.10.10.1,10.10.13.121,0:6:23:5,user_busse,pass_2206,HWTC37574CC5
2211,Lan Mir,Bdo. 42  ,24230,user211552@email.com,1,50Mb,10,10.10.10.1,10.10.12.49,0:5:29:5,user_landa,pass_2211,HWTC6B3F3630
2215,Ami Emi,25 D 76  ,24465,user999887@email.com,1,25Mb,10,10.10.10.1,10.10.12.168,0:14:21:51,user_amigo,pass_2215,HWTC6BE4B2A0
2217,Qua Mar,San  08  ,24273,user463963@email.com,1,25Mb,10,10.10.10.1,10.10.11.217,0:11:45:9,user_quara,pass_2217,HWTCB1A910D0
2218,Rey Els,Belg 58  ,24316,user785176@email.com,1,25Mb,10,10.10.10.1,10.10.12.137,0:8:37:19,user_reyes,pass_2218,HWTC6BE49A40
2223,D A Lil,Hip. 37  ,24375,user613863@email.com,1,25Mb,10,10.10.10.1,10.10.11.144,0:18:51:34,user_dales,pass_2223,HWTCB1A8F810
2236,Dor Car,Pueb 76  ,24420,user697658@email.com,1,25Mb,10,10.10.10.1,10.10.11.57,0:55:59:37,user_dorne,pass_2236,HWTC6BE43790
2269,Agu Jac,Bdo. 787 ,24173,user842125@email.com,1,25Mb,10,10.10.10.1,10.10.13.211,0:52:26:1,user_aguil,pass_2269,HWTC6B3F8350
2276,Del Pab,Pte   B  ,24186,user1048419@email.com,1,25Mb,10,10.10.10.1,10.10.10.209,0:40:22:44,user_delri,pass_2276,HWTCB1A8E810
2283,Pat Ant,P. O 90  ,24006,user694262@email.com,1,25Mb,10,10.10.10.1,10.10.11.50,0:36:55:9,user_patro,pass_2283,HWTCB1A7B8F0
2287,Has Gui,Alem  3  ,24424,user986078@email.com,1,25Mb,10,10.10.10.1,10.10.12.193,0:41:11:16,user_haser,pass_2287,HWTCB1A8ED20
2295,Peo Mar,Bo.   48 ,24066,user935501@email.com,1,25Mb,10,10.10.10.1,10.10.12.82,0:23:7:20,user_peonc,pass_2295,HWTC6B099E40
2302,Oje Die,More 42  ,24494,user197622@email.com,0,25Mb,10,10.10.10.1,10.10.10.151,0:23:8:31,user_ojeda,pass_2302,HWTC6BE47680
2316,Mor Ros,Pueb 42  ,24332,user581398@email.com,1,25Mb,10,10.10.10.1,10.10.11.120,0:23:29:29,user_morga,pass_2316,HWTCB1A92740
2320,Dor Her,Alsi 73  ,24160,user878956@email.com,1,50Mb,10,10.10.10.1,10.10.12.45,0:59:19:11,user_dorne,pass_2320,HWTCB1A8E290
2333,Ame Mar,Las  07  ,24024,user587747@email.com,1,25Mb,10,10.10.10.1,10.10.13.173,0:26:3:9,user_ametr,pass_2333,HWTC6B3F3650
2335,Nu単 Ame,Alte 48  ,24340,user574749@email.com,1,50Mb,10,10.10.10.1,10.10.10.105,0:15:47:43,user_nunez,pass_2335,HWTC6B0EB180
2336,Her Gab,Alte 72  ,24076,user630641@email.com,1,15Mb,10,10.10.10.1,10.10.11.237,0:13:33:37,user_herna,pass_2336,HWTC6BE474B0
2346,Niz Bla,Past 25  ,24110,user935446@email.com,1,25Mb,10,10.10.10.1,10.10.12.188,0:13:55:36,user_niz_b,pass_2346,HWTC6BE48830
2375,Che Roq,Dorr 20  ,24246,user908179@email.com,1,25Mb,10,10.10.10.1,10.10.12.208,0:34:21:10,user_chemi,pass_2375,HWTCB1A8F040
2384,Gor Ana,Nica 53  ,24223,user699241@email.com,1,15Mb,10,10.10.10.1,10.10.13.51,0:48:9:31,user_goros,pass_2384,HWTC6BE46B80
2388,Fel Car,Gral 76  ,24286,user1109293@email.com,1,15Mb,10,10.10.10.1,10.10.13.104,0:32:59:58,user_felic,pass_2388,HWTC6BE4A6D0
2405,Ale Lil,9 de 582 ,24397,user194978@email.com,1,25Mb,10,10.10.10.1,10.10.10.32,0:56:18:50,user_alegr,pass_2405,HWTC6BE4B1A0
2406,Esc Van,Sarm ta  ,24346,user1098461@email.com,1,25Mb,10,10.10.10.1,10.10.13.181,0:41:25:37,user_escob,pass_2406,HWTC6B3F7E50
2409,Mon Fra,Cisn 03  ,24163,user452903@email.com,1,25Mb,10,10.10.10.1,10.10.13.116,0:42:39:3,user_mondi,pass_2409,HWTC6BE4AFB0
2427,Par Mar,Avel 10  ,24392,user551363@email.com,1,25Mb,10,10.10.10.1,10.10.11.135,0:21:53:59,user_pardo,pass_2427,HWTC6B3F7FA0
2431,Sil Enr,Pte. 22  ,24196,user920444@email.com,1,15Mb,10,10.10.10.1,10.10.13.82,0:32:58:27,user_silva,pass_2431,HWTC6BE4A270
2466,Cab Ign,Alsi 41  ,24275,user1151635@email.com,1,50Mb,10,10.10.10.1,10.10.11.130,0:16:6:46,user_cabra,pass_2466,HWTC6B0EC0B0
2467,Rod Max,Pell  2  ,24113,user1021975@email.com,1,25Mb,10,10.10.10.1,10.10.10.180,0:41:27:23,user_rodri,pass_2467,HWTCB1A8F6F0
2469,Bor Rom,Las  30  ,24007,user343661@email.com,1,50Mb,10,10.10.10.1,10.10.13.250,0:49:52:8,user_bordo,pass_2469,HWTC6B3F5540
2473,Car Mar,Case 313 ,24481,user215447@email.com,1,25Mb,10,10.10.10.1,10.10.10.248,0:24:49:54,user_carde,pass_2473,HWTC6BE45FB0
2476,Pey Hec,San  15  ,24197,user1119998@email.com,1,25Mb,10,10.10.10.1,10.10.11.94,0:51:22:30,user_peyre,pass_2476,HWTC6B3F5BE0
2527,Cus Rod,Sord 88  ,24167,user585365@email.com,1,15Mb,10,10.10.10.1,10.10.11.135,0:8:30:8,user_cusni,pass_2527,HWTC6BE46D70
2528,Var Mar,Dorr 67  ,24341,user881483@email.com,1,15Mb,10,10.10.10.1,10.10.13.53,0:50:27:46,user_varel,pass_2528,HWTC6BE4A280
2536,Bal Wal,Dorr 51  ,24439,user521354@email.com,1,25Mb,10,10.10.10.1,10.10.12.53,0:35:46:29,user_balce,pass_2536,HWTC6BE48C30
2541,Mon Car,Wild 64  ,24394,user355583@email.com,1,25Mb,10,10.10.10.1,10.10.10.52,0:39:5:52,user_monte,pass_2541,HWTC6B0F15B0
2543,Mas Leo,San  577 ,24394,user496906@email.com,1,15Mb,10,10.10.10.1,10.10.12.180,0:47:43:54,user_masin,pass_2543,HWTCB1A91850
2552,Gio Cel,9 De 14  ,24116,user216324@email.com,1,25Mb,10,10.10.10.1,10.10.11.92,0:28:15:9,user_gioio,pass_2552,HWTC6B0EC240
2558,Zam Fer,San  746 ,24336,user261623@email.com,1,50Mb,10,10.10.10.1,10.10.11.22,0:50:48:4,user_zampo,pass_2558,HWTC6B09A180
2593,Lom Kar,Puey  1  ,24283,user706554@email.com,1,25Mb,10,10.10.10.1,10.10.12.232,0:57:32:37,user_lomez,pass_2593,HWTCB1A92430
2604,San Hec,Sant 49  ,24221,user914362@email.com,1,25Mb,10,10.10.10.1,10.10.13.92,0:8:59:56,user_santa,pass_2604,HWTCB1A928B0
2634,Sie Nor,Nica 42  ,24137,user912924@email.com,1,15Mb,10,10.10.10.1,10.10.11.186,0:41:2:21,user_siebe,pass_2634,HWTC6BE44420
2642,Pli Pli,H. Y 24  ,24040,user339233@email.com,1,25Mb,10,10.10.10.1,10.10.11.52,0:50:22:32,user_monta,pass_2642,HWTC6BE49A80
2649,Cas Bar,Sord 67  ,24185,user222750@email.com,1,25Mb,10,10.10.10.1,10.10.12.216,0:37:35:59,user_castr,pass_2649,HWTCB1A909B0
2652,Rio Car,Haro  2  ,24287,user556967@email.com,1,25Mb,10,10.10.10.1,10.10.10.44,0:9:6:38,user_rios_,pass_2652,HWTCB1A91A10
2656,Mur Die,San  43  ,24116,user947282@email.com,1,50Mb,10,10.10.10.1,10.10.12.5,0:18:11:50,user_murta,pass_2656,HWTCB1A91480
2659,Cho Alv,San  50  ,24162,user954160@email.com,1,25Mb,10,10.10.10.1,10.10.12.23,0:29:4:32,user_choqu,pass_2659,HWTCB1A92530
2660,Ord Iva,C.ma  5  ,24140,user1149939@email.com,1,25Mb,10,10.10.10.1,10.10.11.136,0:56:15:2,user_ordon,pass_2660,HWTCB1A924B0
2662,Cum Sus,San  45  ,24458,user1046914@email.com,1,25Mb,10,10.10.10.1,10.10.11.248,0:17:5:5,user_cumba,pass_2662,HWTC6BE445D0
2666,Hog Mun,Alsi 086 ,24300,user1037525@email.com,1,50Mb,10,10.10.10.1,10.10.10.16,0:13:55:31,user_muni_,pass_2666,HWTC6BE495B0
2679,Lab Jua,Alem o)  ,24152,user597546@email.com,1,50Mb,10,10.10.10.1,10.10.10.102,0:27:42:5,user_labol,pass_2679,HWTCB1A8F700
2681,Led Tri,Belg to 1,24219,user513738@email.com,1,25Mb,10,10.10.10.1,10.10.10.231,0:2:13:27,user_ledes,pass_2684,HWTC6B0EDD80
2686,Pac Seb,Riva 53  ,24019,user409473@email.com,1,50Mb,10,10.10.10.1,10.10.11.80,0:56:31:59,user_pache,pass_2686,HWTC6B0959A0
2688,Cro Ali,Sant 842 ,24302,user665397@email.com,1,25Mb,10,10.10.10.1,10.10.12.247,0:33:14:11,user_cross,pass_2688,HWTC6BE479E0
2690,Rob Emi,Gral 10  ,24006,user740794@email.com,1,25Mb,10,10.10.10.1,10.10.12.17,0:3:42:13,user_roble,pass_2690,HWTC6BE48110
2693,Ven Leo,Carm 05  ,24085,user479999@email.com,1,50Mb,10,10.10.10.1,10.10.13.154,0:29:42:52,user_ventu,pass_2693,HWTC6B095D90
2708,Lei Ver,Pueb .a  ,24348,user532926@email.com,1,25Mb,10,10.10.10.1,10.10.11.216,0:2:12:48,user_leiva,pass_2708,HWTCB1A917A0
2729,Bel Mar,Las  362 ,24117,user904214@email.com,1,25Mb,10,10.10.10.1,10.10.12.195,0:29:16:29,user_belve,pass_2729,HWTCB1A80FE0
2743,Val Tho,25 D 408 ,24337,user381400@email.com,1,25Mb,10,10.10.10.1,10.10.13.234,0:22:29:0,user_valle,pass_2743,HWTC6B0EE1A0
2744,Sab Gab,Avel an  ,24061,user203155@email.com,1,25Mb,10,10.10.10.1,10.10.13.20,0:28:13:27,user_sabat,pass_2744,HWTCB1A91880
2800,Tru Hug,Haro to 1,24314,user952785@email.com,1,50Mb,10,10.10.10.1,10.10.11.151,0:10:31:31,user_truji,pass_2800,HWTC6B094910
2814,Fel Nic,Ate. 31  ,24442,user245446@email.com,1,50Mb,10,10.10.10.1,10.10.13.245,0:52:57:52,user_felic,pass_2814,HWTC6BE474A0
2823,Gon Ern,Bo.   9  ,24189,user222028@email.com,1,25Mb,10,10.10.10.1,10.10.13.118,0:42:24:10,user_gonza,pass_2823,HWTCB1A8EFE0
2827,Mar San,Belg 04  ,24080,user650509@email.com,1,25Mb,10,10.10.10.1,10.10.12.132,0:23:36:59,user_isold,pass_2827,HWTC6BE47650
2833,Qui Sof,Pueb 242 ,24054,user403690@email.com,1,25Mb,10,10.10.10.1,10.10.11.110,0:40:21:59,user_quint,pass_2833,HWTC6B099D60
2841,Ros Rob,Dorr 78  ,24041,user736175@email.com,1,50Mb,10,10.10.10.1,10.10.13.170,0:4:31:26,user_rosal,pass_2841,HWTC6B3F4AF0
2861,Zac Emi,Avel  2  ,24408,user1085062@email.com,1,25Mb,10,10.10.10.1,10.10.13.179,0:53:20:59,user_zacar,pass_2861,HWTCB1A8E030
2863,Mog Ram,Avel 33  ,24131,user666965@email.com,1,25Mb,10,10.10.10.1,10.10.10.230,0:13:5:39,user_mogni,pass_2863,HWTC6BE47750
2872,Pal Mat,Sarm 75  ,24312,user367378@email.com,1,25Mb,10,10.10.10.1,10.10.13.101,0:34:11:1,user_palmi,pass_2872,HWTC6B0EADA0
2882,Di  Rau,Alem 64  ,24385,user362819@email.com,1,200Mb,10,10.10.10.1,10.10.12.49,0:3:52:46,user_ditot,pass_2882,HWTC6BE45F10
2889,Her Lis,Dorr 58  ,24256,user458210@email.com,1,25Mb,10,10.10.10.1,10.10.11.94,0:51:4:47,user_herna,pass_2889,HWTCB1A903C0
2899,Par Osv,More 32  ,24350,user1138196@email.com,1,25Mb,10,10.10.10.1,10.10.10.167,0:51:28:0,user_pardo,pass_2899,HWTC6BE455D0
2903,Cam Jul,Carm 20  ,24311,user1000478@email.com,1,25Mb,10,10.10.10.1,10.10.11.156,0:37:47:2,user_campo,pass_2903,HWTC6B0EAE80
2909,Esp Ala,Cisn 05  ,24275,user1116538@email.com,1,200Mb,10,10.10.10.1,10.10.10.55,0:38:36:27,user_espin,pass_2909,HWTCB1A8F030
2913,D A Lil,Hip. 23  ,24161,user634505@email.com,1,25Mb,10,10.10.10.1,10.10.10.213,0:33:13:31,user_dales,pass_2913,HWTCB1A91F00
2915,Chi Eli,Alem 38  ,24479,user319367@email.com,1,25Mb,10,10.10.10.1,10.10.12.181,0:23:30:10,user_chiod,pass_2915,HWTC6BE4ABF0
2930,De  Gab,Cisn 39  ,24265,user969898@email.com,1,15Mb,10,10.10.10.1,10.10.10.236,0:33:41:49,user_delat,pass_2930,HWTC6BE4A390
2943,Lin Dia,San  27  ,24176,user1128305@email.com,1,50Mb,10,10.10.10.1,10.10.11.250,0:41:16:41,user_linku,pass_2943,HWTCB1A91E00
2957,Are Eli,Case  3  ,24469,user351855@email.com,1,50Mb,10,10.10.10.1,10.10.11.144,0:51:22:30,user_areco,pass_2957,HWTC6BE49010
2988,Gig Mic,Sarm ur  ,24157,user1003729@email.com,1,25Mb,10,10.10.10.1,10.10.13.246,0:18:36:39,user_gigen,pass_2988,HWTC6BE467E0
2998,Die Lum,Bdo  371 ,24258,user1134535@email.com,1,25Mb,10,10.10.10.1,10.10.13.158,0:51:7:9,user_diez_,pass_2998,HWTC6BE4A180
3009,Rai Mar,Carm 388 ,24437,user936432@email.com,1,25Mb,10,10.10.10.1,10.10.11.30,0:6:14:50,user_raine,pass_3009,HWTC6B0EBDC0
3018,Bil Ber,Pueb 427 ,24461,user642877@email.com,1,25Mb,10,10.10.10.1,10.10.13.242,0:30:39:43,user_bille,pass_3018,HWTCB1A8F070
3022,Con Luc,Alem 598 ,24060,user1144152@email.com,1,25Mb,10,10.10.10.1,10.10.12.114,0:25:54:50,user_condo,pass_3022,HWTC6B0EB0D0
3023,Pey NUL,San  485 ,24204,user588001@email.com,1,50Mb,10,10.10.10.1,10.10.12.186,0:27:30:18,user_peyre,pass_3023,HWTC6B3F82D0
3056,Lea Cav,9 de 397 ,24213,user986152@email.com,1,50Mb,10,10.10.10.1,10.10.11.248,0:49:47:0,user_leand,pass_3056,HWTC6B094D90
3058,Mar Cel,Belg 716 ,24153,user1045795@email.com,1,25Mb,10,10.10.10.1,10.10.13.217,0:32:20:50,user_marin,pass_3058,HWTC6B0EE7C0
3061,Ara Tam,Alsi riba,24292,user1150036@email.com,1,25Mb,10,10.10.10.1,10.10.13.166,0:34:1:36,user_arand,pass_3061,HWTC6B094E30
3063,Mun ,Riva 385 ,24137,user216369@email.com,1,50Mb,10,10.10.10.1,10.10.10.212,0:39:42:16,user_munin,pass_3063,HWTC6B3F4770
3063,Mun ,Riva 385 ,24214,user804380@email.com,1,50Mb,10,10.10.10.1,10.10.11.177,0:52:35:50,user_munic,pass_3063,
3064,Lem Elb,Bo L C20 ,24457,user618449@email.com,1,25Mb,10,10.10.10.1,10.10.10.41,0:19:12:45,user_lemos,pass_3064,HWTC6B099ED0
3067,Cor Luc,Sant tras,24137,user1026385@email.com,1,50Mb,10,10.10.10.1,10.10.13.220,0:33:58:6,user_coria,pass_3067,HWTC6B094D60
3068,Gro Est,17 d 619 ,24042,user600349@email.com,1,15Mb,10,10.10.10.1,10.10.11.104,0:19:11:1,user_gross,pass_3068,HWTC6B0967B0
3073,Cap Orl,Bo 1  44 ,24338,user1171987@email.com,1,25Mb,10,10.10.10.1,10.10.10.73,0:18:38:6,user_caput,pass_3073,HWTC6B0F1730
3077,Mu単 Dan,Bo L  C9 ,24058,user824047@email.com,1,25Mb,10,10.10.10.1,10.10.13.60,0:14:57:18,user_munoz,pass_3077,HWTC6B0EFAB0
3078,Col Her,25 d 508 ,24017,user647851@email.com,1,25Mb,10,10.10.10.1,10.10.10.120,0:14:59:1,user_colav,pass_3078,HWTC6B0F1670
3082,Lem Max,More 611 ,24376,user638860@email.com,1,25Mb,10,10.10.10.1,10.10.11.6,0:8:35:47,user_lemma,pass_3082,HWTC6B0F18D0
3083,Vac Cla,Libe 329 ,24013,user530471@email.com,1,50Mb,10,10.10.10.1,10.10.10.122,0:42:7:22,user_vaca_,pass_3083,HWTC6B0F13B0
3086,Con Mar,Cisn 339 ,24394,user860317@email.com,1,25Mb,10,10.10.10.1,10.10.13.13,0:12:55:43,user_contr,pass_3086,HWTC6B0E9BA0
3089,Di  Tom,Sarm 224 ,24347,user880164@email.com,1,25Mb,10,10.10.10.1,10.10.12.139,0:36:51:0,user_disie,pass_3089,HWTC6B094400
3091,Riv Mar,Pte  507 ,24363,user866857@email.com,1,25Mb,10,10.10.10.1,10.10.10.7,0:52:19:26,user_river,pass_3091,HWTC6B0967E0
3093,Mig Est,Dorr 762 ,24167,user1060625@email.com,1,25Mb,10,10.10.10.1,10.10.11.40,0:20:0:30,user_migno,pass_3093,HWTC6B0EC3B0
3095,Mon Jes,9 de 496 ,24253,user568361@email.com,1,25Mb,10,10.10.10.1,10.10.11.89,0:52:31:17,user_monte,pass_3095,
3096,San And,25 d o A ,24495,user351115@email.com,1,25Mb,10,10.10.10.1,10.10.13.42,0:8:0:42,user_santi,pass_3096,HWTC6BE45A20
3097,Ume Mar,Avel 211 ,24375,user499991@email.com,1,25Mb,10,10.10.10.1,10.10.11.133,0:32:46:35,user_umere,pass_3097,HWTC6B093090
3100,Arn Nat,Case 626 ,24377,user620415@email.com,1,25Mb,10,10.10.10.1,10.10.13.140,0:21:25:27,user_arnol,pass_3100,HWTC6B0F0A10
3101,Lee Yes,Sord 574 ,24472,user605882@email.com,1,25Mb,10,10.10.10.1,10.10.11.53,0:58:6:51,user_lee_y,pass_3101,HWTC6B097560
3104,Arc Dav,San  1 PA,24418,user830540@email.com,1,25Mb,10,10.10.10.1,10.10.11.87,0:24:20:5,user_arce_,pass_3104,HWTCB1A91110
3105,Bas Mar,Cisn 445 ,24355,user536247@email.com,1,25Mb,10,10.10.10.1,10.10.12.174,0:31:9:19,user_baste,pass_3105,HWTC6B0F1530
3108,Ach Rau,Puey 438 ,24078,user1157008@email.com,1,25Mb,10,10.10.10.1,10.10.11.153,0:43:51:5,user_achia,pass_3108,HWTCB1A8F8C0
3111,Pal Emm,Bo O C41 ,24253,user237913@email.com,1,200Mb,10,10.10.10.1,10.10.11.186,0:58:13:0,user_palac,pass_3111,HWTCB1A8F7C0
3112,Sve Emi,Pueb to 9,24459,user554366@email.com,1,25Mb,10,10.10.10.1,10.10.13.120,0:39:27:27,user_svend,pass_3112,HWTCB1A8FED0
3118,SES Esc,Gral 330 ,11544,user1025458@email.com,1,25Mb,20,20.0.0.1,20.0.0.100,,user_ses_e,pass_3121,HWTC6B0F1410
3119,Jua Leo,Agus 654 ,24209,user296973@email.com,1,50Mb,10,10.10.10.1,10.10.10.26,0:42:15:10,user_juare,pass_3119,HWTC6B0EB330
3120,SES Esc,Las  577 ,11544,user1158462@email.com,1,50Mb,20,20.0.0.1,20.0.0.101,,user_ses_p,pass_3120,HWTCB1A90FF0
3121,SES Esc,Avel 687 ,11544,user406624@email.com,1,50Mb,20,20.0.0.1,20.0.0.102,,user_ses_t,pass_3121,HWTCB1A901D0
3126,Vit Enr,Sant 873 ,24296,user653989@email.com,1,25Mb,10,10.10.10.1,10.10.10.188,0:31:52:29,user_vital,pass_3126,HWTC6B3F8010
3129,Luj Mar,Larr 358 ,24035,user898758@email.com,1,50Mb,10,10.10.10.1,10.10.11.137,0:20:22:2,user_lujan,pass_3129,HWTC48F91D92
3133,Def Jor,Tucu 616 ,24440,user1040803@email.com,1,25Mb,10,10.10.10.1,10.10.12.95,0:44:50:12,user_defil,pass_3133,HWTCB1A90BD0
3134,Lin Ban,San  551 ,24199,user450765@email.com,1,25Mb,10,10.10.10.1,10.10.12.72,0:33:3:2,user_linku,pass_3134,HWTCB1A92590
3136,Sot Man,Cisn 267 ,24247,user767704@email.com,1,25Mb,10,10.10.10.1,10.10.12.30,0:30:57:31,user_soto_,pass_3136,HWTC6B3F80A0
3137,Chi Jos,Cisn 429 ,24037,user677189@email.com,1,25Mb,10,10.10.10.1,10.10.12.195,0:16:13:32,user_chicl,pass_3137,HWTCB1A8EE20
3139,Ver Vic,Riva 575 ,24236,user1190900@email.com,1,25Mb,10,10.10.10.1,10.10.10.230,0:10:20:22,user_verge,pass_3139,HWTCB1A90F70
3142,Rur NUL,Azul 540 ,24408,user948105@email.com,0,50Mb,10,10.10.10.1,10.10.12.249,0:51:5:17,user_rural,pass_3142,HWTCB1A8FFA0
3144,Ami Mar,Las   98 ,24040,user366313@email.com,1,25Mb,10,10.10.10.1,10.10.11.64,0:37:32:7,user_amico,pass_3144,HWTC6B0EE160
3146,GIn Olg,Bo.   10 ,24026,user430061@email.com,1,25Mb,10,10.10.10.1,10.10.12.232,0:7:28:17,user_gini_,pass_3146,HWTCB1A8E280
3154,Riv Val,Larr o 3 ,24184,user1109950@email.com,1,25Mb,10,10.10.10.1,10.10.11.17,0:0:9:59,user_rivar,pass_3154,HWTCB1A8F660
3156,Arb Luz,Pueb to 6,24431,user758392@email.com,1,25Mb,10,10.10.10.1,10.10.12.99,0:43:56:58,user_arbal,pass_3156,HWTCB1A90880
3166,Can NUL,Azul 425 ,24204,user1013692@email.com,1,25Mb,10,10.10.10.1,10.10.10.48,0:53:0:15,user_canni,pass_3166,HWTCB1A8F4A0
3168,Buc Joh,Pueb 223 ,24086,user927014@email.com,1,25Mb,10,10.10.10.1,10.10.13.40,0:11:42:31,user_bucet,pass_3168,HWTCB1A8DB60
3171,Tra Gab,Tucu 691 ,24405,user1049333@email.com,1,25Mb,10,10.10.10.1,10.10.12.70,0:2:54:0,user_traut,pass_3171,HWTCB1A91D70
3173,Mel Fla,San  145 ,24455,user1026810@email.com,1,25Mb,10,10.10.10.1,10.10.11.149,0:49:25:5,user_melar,pass_essa,HWTC6B3F5770
3174,Gia Sil,Bo O  40 ,24245,user451181@email.com,1,50Mb,10,10.10.10.1,10.10.13.17,0:42:20:10,user_giano,pass_3174,HWTCB1A909E0
3175,Mar Rob,San  748 ,24067,user1049904@email.com,1,25Mb,10,10.10.10.1,10.10.13.74,0:45:24:30,user_march,pass_3175,HWTC6B3F3CD0
3177,Dub Rom,Belg 690 ,24001,user754497@email.com,1,25Mb,10,10.10.10.1,10.10.12.17,0:56:56:21,user_dubor,pass_3177,HWTCB1A92BF0
3179,Mun Jua,San  824 ,24058,user806044@email.com,1,25Mb,10,10.10.10.1,10.10.10.92,0:37:3:47,user_munic,pass_3179,HWTCB1A8DE00
3181,Seb Gri,Bo P  15 ,24128,user219830@email.com,1,25Mb,10,10.10.10.1,10.10.13.87,0:24:10:42,user_sebas,pass_3181,HWTC6B3F7B80
3184,Lop Mar,17 d 57  ,24067,user527836@email.com,1,25Mb,10,10.10.10.1,10.10.10.41,0:5:1:5,user_lopez,pass_3184,HWTCB1A929A0
3187,Mad Jim,Alsi 183 ,24418,user865703@email.com,1,15Mb,10,10.10.10.1,10.10.13.136,0:58:12:40,user_mader,pass_3187,HWTCB1A90D10
3190,Ver Luc,Carm 327 ,24362,user626492@email.com,1,25Mb,10,10.10.10.1,10.10.11.53,0:54:49:2,user_vera_,pass_3190,HWTCB1A8FDB0
3191,Per Emm,Gral 488 ,24256,user793714@email.com,1,25Mb,10,10.10.10.1,10.10.13.25,0:43:17:23,user_perez,pass_3191,HWTCB1A8ED40
3194,Bra Vir,More 4 1A,24443,user544232@email.com,1,50Mb,10,10.10.10.1,10.10.10.118,0:22:17:4,user_bravo,pass_3194,HWTC6BE468F0
3196,Lar Mar,Avel 363 ,24226,user366502@email.com,1,50Mb,10,10.10.10.1,10.10.11.140,0:24:51:51,user_lara_,pass_3196,HWTCB1A92960
3197,Cas Mar,Cisn 631 ,24425,user278948@email.com,1,25Mb,10,10.10.10.1,10.10.13.8,0:40:4:46,user_caste,pass_3197,HWTC6B3F50D0
3198,Neg Osm,Alsi 249 ,24023,user745882@email.com,1,15Mb,10,10.10.10.1,10.10.12.172,0:6:7:17,user_negre,pass_3198,HWTC6B3F5A20
3202,Con Car,Sarm 731 ,24319,user552085@email.com,1,25Mb,10,10.10.10.1,10.10.11.116,0:31:57:8,user_confe,pass_3202,HWTC6B3F8F80
3208,Car Ant,San  595 ,24019,user355165@email.com,1,25Mb,10,10.10.10.1,10.10.12.187,0:13:27:51,user_carug,pass_3208,HWTCB1A916C0
3209,Zac Fra,Avel to 1,24195,user780723@email.com,1,25Mb,10,10.10.10.1,10.10.10.219,0:3:57:46,user_zacar,pass_3209,HWTCB1A91AF0
3211,Som Ang,Bo L  31 ,24321,user366352@email.com,1,50Mb,10,10.10.10.1,10.10.10.68,0:11:58:52,user_sombr,pass_3211,HWTCB1A90430
3212,Sau Ale,Pte  539 ,24136,user1122055@email.com,1,25Mb,10,10.10.10.1,10.10.12.136,0:25:55:20,user_saure,pass_3212,HWTC6B3F5C00
3213,Can Gab,Tucu an  ,24122,user548797@email.com,1,50Mb,10,10.10.10.1,10.10.11.95,0:9:34:45,user_canch,pass_3213,HWTCB1A91ED0
3215,Liz Vic,Bdo  333 ,24478,user581818@email.com,1,25Mb,10,10.10.10.1,10.10.10.19,0:45:12:8,user_lizzo,pass_3215,HWTCB1A91BC0
3217,Bas Mar,Alsi 280 ,24023,user572089@email.com,1,25Mb,10,10.10.10.1,10.10.10.76,0:41:56:43,user_basua,pass_3217,
3218,Ros Gol,Bo O C 9 ,24274,user1001432@email.com,1,25Mb,10,10.10.10.1,10.10.12.202,0:48:0:35,user_rosas,pass_3218,HWTCB1A91A60
3220,Rol Lau,Bo P  21 ,24285,user392994@email.com,1,25Mb,10,10.10.10.1,10.10.10.193,0:55:26:55,user_rolle,pass_3220,HWTCB1A90130
3221,Alv Nor,Pell tras,24049,user403142@email.com,1,25Mb,10,10.10.10.1,10.10.10.230,0:2:1:10,user_alvar,pass_3221,HWTC6B3F4FC0
3222,Roe Mir,Hipo 234 ,24289,user995296@email.com,0,25Mb,10,10.10.10.1,10.10.10.161,0:33:44:34,user_roedi,pass_3222,HWTCB1A8DD60
3223,Emm Eli,Carm 162 ,24337,user458698@email.com,1,25Mb,10,10.10.10.1,10.10.10.250,0:11:29:26,user_emma_,pass_3223,HWTCB1A90A90
3224,Con Ser,Wild to 2,24295,user1031612@email.com,1,25Mb,10,10.10.10.1,10.10.11.160,0:12:54:31,user_contr,pass_3224,HWTCB1A8CFE0
3226,Nog Fed,Avel 432 ,24287,user703321@email.com,1,25Mb,10,10.10.10.1,10.10.12.61,0:25:23:11,user_nogue,pass_3226,HWTC6B3F3970
3229,Giu Jul,Alco 122 ,24250,user500690@email.com,1,25Mb,10,10.10.10.1,10.10.12.1,0:9:13:2,user_giunt,pass_3229,HWTCB1A8EDD0
3233,Ale Bru,Las  to 2,24121,user847042@email.com,1,25Mb,10,10.10.10.1,10.10.10.124,0:19:13:51,user_alegr,pass_3233,HWTCB1A8F460
3235,Lop Olg,Bdo  782 ,24441,user386104@email.com,1,25Mb,10,10.10.10.1,10.10.13.181,0:20:16:6,user_lopez,pass_3235,HWTCB1A924D0
3237,San Flo,25 d 229 ,24260,user373574@email.com,1,50Mb,10,10.10.10.1,10.10.11.3,0:48:23:46,user_borda,pass_3237,HWTC6BE46E00
3240,Ver Cla,Tucu 616 ,24487,user494649@email.com,1,25Mb,10,10.10.10.1,10.10.13.48,0:19:19:45,user_verga,pass_3240,HWTCB1A8EF20
3242,Gue Mar,Wild 288 ,24164,user957976@email.com,1,25Mb,10,10.10.10.1,10.10.11.58,0:53:54:18,user_guerr,pass_3242,HWTCB1A90E30
3244,Pes Jul,Avel 563 ,24143,user215548@email.com,1,25Mb,10,10.10.10.1,10.10.11.129,0:13:57:29,user_pesso,pass_3244,HWTCB1A8FDA0
3245,Flo Mat,Belg 327 ,24167,user518152@email.com,1,25Mb,10,10.10.10.1,10.10.10.167,0:42:49:3,user_flore,pass_3245,HWTCB1A8F450
3249,Ses Min,Azul 406 ,11544,user648016@email.com,1,50Mb,10,10.10.10.1,10.10.10.207,0:57:45:18,user_ses_m,pass_3249,HWTCB1A8EEB0
3250,Tus Gui,25 d to 1,24436,user1053662@email.com,1,25Mb,10,10.10.10.1,10.10.13.167,0:55:17:53,user_tus_g,pass_3250,HWTCB1A8F5B0
3256,Luc Wal,Bdo. 122 ,24007,user1070703@email.com,1,15Mb,10,10.10.10.1,10.10.11.219,0:14:8:29,user_lucha,pass_3256,HWTC6BE4A0D0
3261,Heg Mar,Sord 679 ,24205,user974680@email.com,1,25Mb,10,10.10.10.1,10.10.11.118,0:49:47:56,user_hegui,pass_3261,HWTCB1A8E4B0
3263,Gar Jon,Alsi 195 ,24471,user1071950@email.com,1,25Mb,10,10.10.10.1,10.10.13.212,0:11:2:25,user_garci,pass_3263,HWTCB1A8E2C0
3267,Mon And,Gral 773 ,24490,user940774@email.com,1,25Mb,10,10.10.10.1,10.10.10.45,0:6:45:23,user_monre,pass_3267,HWTCB1A8D0B0
3269,Mav Ana,Las  241 ,24310,user416147@email.com,1,25Mb,10,10.10.10.1,10.10.13.241,0:32:12:13,user_maver,pass_3269,HWTCB1A8D1B0
3270,Rom Mic,25 d 695 ,24302,user365188@email.com,1,25Mb,10,10.10.10.1,10.10.12.198,0:39:53:46,user_roman,pass_3270,HWTC6B3F4140
3272,Cas Pau,Bo L  68 ,24111,user881894@email.com,1,50Mb,10,10.10.10.1,10.10.10.3,0:20:53:58,user_caste,pass_3272,HWTC6B0EE110
3273,Gon Dan,Bo L C 5 ,24391,user830297@email.com,1,25Mb,10,10.10.10.1,10.10.10.182,0:42:14:0,user_gonza,pass_3273,HWTC6B0EE100
3277,Nu単 Agu,Gral 657 ,24042,user715610@email.com,1,25Mb,10,10.10.10.1,10.10.11.167,0:59:1:54,user_nunez,pass_3277,HWTCB1A8E440
3279,Dua And,Bdo  639 ,24155,user1165293@email.com,1,25Mb,10,10.10.10.1,10.10.13.91,0:40:18:19,user_duart,pass_3279,HWTC6B0EE060
3282,Pe単 Rom,Sarm 719 ,24025,user1039172@email.com,1,50Mb,10,10.10.10.1,10.10.11.10,0:2:58:33,user_penal,pass_3282,HWTC6B0EDFB0
3284,Mal Nat,17 d 333 ,24306,user285107@email.com,1,25Mb,10,10.10.10.1,10.10.13.68,0:3:19:43,user_malia,pass_3284,HWTCB1A8F5A0
3291,Fel Rod,Puey  15 ,24498,user354433@email.com,1,25Mb,10,10.10.10.1,10.10.12.157,0:24:28:29,user_felic,pass_3291,HWTCB1A8E390
3293,Cap Olg,Bo L  29 ,24319,user737827@email.com,1,25Mb,10,10.10.10.1,10.10.12.109,0:38:55:6,user_caput,pass_3293,HWTCB1A90AA0
3294,Tam Car,Puey 240 ,24484,user585810@email.com,1,25Mb,10,10.10.10.1,10.10.11.11,0:39:8:41,user_tambu,pass_3294,HWTCB1A8DA80
3295,Ast Jos,Gral 765 ,24204,user521109@email.com,1,25Mb,10,10.10.10.1,10.10.12.150,0:25:3:35,user_astiz,pass_3295,HWTCB1A90470
3301,Pre Fac,Gral to 6,24278,user636547@email.com,1,50Mb,10,10.10.10.1,10.10.12.65,0:59:9:55,user_predi,pass_3301,HWTCB1A91710
3307,Bla Mar,More O A ,24284,user498143@email.com,1,25Mb,10,10.10.10.1,10.10.10.34,0:25:46:10,user_blanc,pass_3307,HWTCB1A8EEF0
3311,lop Lau,Bo.  17  ,24422,user680287@email.com,1,25Mb,10,10.10.10.1,10.10.10.167,0:26:44:8,user_lopez,pass_3311,HWTCB1A8F7D0
3312,Iri Agu,9 de o 5 ,24363,user733540@email.com,1,50Mb,10,10.10.10.1,10.10.13.121,0:3:0:4,user_iriar,pass_3312,HWTCB1A8F770
3313,Gar Hec,Dorr 524 ,24192,user751606@email.com,1,25Mb,10,10.10.10.1,10.10.12.166,0:24:50:21,user_garci,pass_3313,HWTC6B0EDF60
3314,Cha Sev,Cruz o 4 ,24091,user685006@email.com,1,25Mb,10,10.10.10.1,10.10.11.121,0:20:12:5,user_chave,pass_3314,HWTCB1A90210
3316,Jau Ang,Cisn 230 ,24285,user373948@email.com,1,25Mb,10,10.10.10.1,10.10.10.224,0:23:46:3,user_jaure,pass_3316,HWTC6B0EE1D0
3317,Ipa Tat,Alsi 947 ,24153,user1072724@email.com,1,25Mb,10,10.10.10.1,10.10.13.41,0:23:59:8,user_iparr,pass_3317,HWTC6BE47780
3318,Gar Hec,Dorr ncho,24358,user238914@email.com,1,25Mb,10,10.10.10.1,10.10.12.33,0:31:48:19,user_garci,pass_3318,HWTC6B0EDDD0
3328,Dia Lau,Carm 374 ,24128,user544243@email.com,1,25Mb,10,10.10.10.1,10.10.12.249,0:23:59:46,user_diaz_,pass_3328,HWTC6B0F1CA0
3334,Gon Fer,9 de 286 ,24380,user204273@email.com,1,25Mb,10,10.10.10.1,10.10.10.111,0:54:35:41,user_gonza,pass_3334,HWTCB1A90090
3341,Rod Gra,Alve e)  ,24030,user719285@email.com,1,25Mb,10,10.10.10.1,10.10.10.217,0:58:10:11,user_rodri,pass_3341,HWTCB1A8EDA0
3343,Bog Cri,Bo.  23  ,24492,user431005@email.com,1,25Mb,10,10.10.10.1,10.10.10.190,0:9:6:36,user_boggi,pass_3343,HWTCB1A8FE90
3347,Ord gra,Riva 655 ,24158,user947588@email.com,1,50Mb,10,10.10.10.1,10.10.12.150,0:7:24:28,user_ordon,pass_3347,HWTC6BE4B1C0
3348,Lab Jua,Robe 178 ,24216,user801299@email.com,0,25Mb,10,10.10.10.1,10.10.11.79,0:26:25:39,user_labol,pass_3348,HWTC6BE4B290
3350,Cab Lil,Pueb 531 ,24120,user836546@email.com,1,25Mb,10,10.10.10.1,10.10.12.120,0:23:17:23,user_cabre,pass_3350,HWTC6BE47940
3351,Her Ang,Cruz tras,24330,user947120@email.com,1,25Mb,10,10.10.10.1,10.10.13.59,0:26:48:25,user_herre,pass_3351,HWTCB1A8F600
3353,Dia Jud,Alsi 883 ,24157,user376423@email.com,1,25Mb,10,10.10.10.1,10.10.13.154,0:15:10:9,user_diaz_,pass_3353,HWTC6BE45D30
3355,Arc Mar,Bo.  35  ,24046,user469670@email.com,1,25Mb,10,10.10.10.1,10.10.12.179,0:10:21:40,user_arce_,pass_3355,HWTC6BE4B1D0
3357,Cro Mar,Sarm to 4,24207,user905076@email.com,1,25Mb,10,10.10.10.1,10.10.10.3,0:49:11:34,user_crowl,pass_3357,HWTCB1A8FE30
3359,Uha Mau,Riva 49  ,24420,user848097@email.com,1,25Mb,10,10.10.10.1,10.10.12.251,0:43:29:18,user_uhalt,pass_3359,HWTCB1A91240
3361,Pol Lil,Wild 574 ,24098,user662542@email.com,1,25Mb,10,10.10.10.1,10.10.10.162,0:40:7:25,user_polit,pass_3361,HWTC6BE4A5D0
3364,Mig Sil,Bo S C35 ,24318,user837198@email.com,1,25Mb,10,10.10.10.1,10.10.12.156,0:46:0:29,user_migue,pass_3364,HWTC6BE442A0
3365,Gal Kar,Cisn 443 ,24223,user820525@email.com,1,25Mb,10,10.10.10.1,10.10.12.42,0:14:51:29,user_galme,pass_3365,HWTCB1A8FCD0
3366,Gar Mar,Bo S  47 ,24262,user677853@email.com,1,25Mb,10,10.10.10.1,10.10.10.43,0:6:49:25,user_garci,pass_3366,HWTC6BE4B310
3372,Sal Jua,Hipo 498 ,24067,user694886@email.com,1,25Mb,10,10.10.10.1,10.10.13.224,0:47:24:25,user_salan,pass_3372,HWTC6BE4B1F0
3377,Lun Sof,25 d 87  ,24391,user994408@email.com,1,25Mb,10,10.10.10.1,10.10.10.178,0:7:15:55,user_luna_,pass_3377,HWTC6BE4AD90
3378,D`  Val,Carm 05  ,24273,user292945@email.com,1,25Mb,10,10.10.10.1,10.10.12.30,0:24:20:26,user_dambr,pass_3378,HWTC6BE462B0
3379,Per Car,Pueb 97  ,24252,user805990@email.com,1,25Mb,10,10.10.10.1,10.10.12.8,0:37:15:39,user_peral,pass_3379,HWTC6BE49DF0
3381,Car Ale,Larr 40  ,24051,user248787@email.com,1,25Mb,10,10.10.10.1,10.10.13.52,0:36:18:55,user_carmo,pass_3381,HWTC6BE498E0
3384,Di  Mar,Carm 608 ,24048,user739296@email.com,1,25Mb,10,10.10.10.1,10.10.13.56,0:36:19:25,user_ditar,pass_3384,HWTC6BE4B260
3386,Mar Uli,25 d 973 ,24439,user524993@email.com,1,25Mb,10,10.10.10.1,10.10.11.162,0:45:44:8,user_marti,pass_3386,HWTCB1A92420
3389,Han Son,Vida 334 ,24240,user804996@email.com,1,25Mb,10,10.10.10.1,10.10.13.249,0:25:9:41,user_hanse,pass_3389,HWTCB1A91270
3396,Bor Luc,Bo.  69  ,24375,user1152877@email.com,1,25Mb,10,10.10.10.1,10.10.12.212,0:33:0:49,user_borda,pass_3396,HWTCB1A8DC70
3398,Luc Mar,9 de 543 ,24401,user709414@email.com,1,25Mb,10,10.10.10.1,10.10.10.35,0:14:16:14,user_lucia,pass_i543,HWTC6BE43EC0
3400,Can Gla,Gral 04  ,24341,user759112@email.com,1,25Mb,10,10.10.10.1,10.10.10.220,0:2:38:21,user_canu_,pass_3400,HWTC6BE473A0
3403,Urd Fed,Pte  o B ,24310,user211606@email.com,1,25Mb,10,10.10.10.1,10.10.13.20,0:55:57:58,user_urdan,pass_3403,HWTCB1A91DD0
3406,Lop Her,Belg  B  ,24121,user868916@email.com,1,25Mb,10,10.10.10.1,10.10.13.172,0:16:51:15,user_lopez,pass_3406,HWTCB1A8ED10
3409,Ber Mic,Sarm  4  ,24245,user496701@email.com,1,25Mb,10,10.10.10.1,10.10.11.190,0:42:23:19,user_berth,pass_3409,HWTC6BE49870
3410,Roj Pat,Pueb 95  ,24099,user886070@email.com,1,25Mb,10,10.10.10.1,10.10.12.118,0:30:44:47,user_rojas,pass_3410,HWTC6BE4A120
3411,Lem Miq,Larr 12  ,24437,user548831@email.com,1,25Mb,10,10.10.10.1,10.10.10.234,0:59:42:16,user_lemus,pass_3411,HWTC6BE437B0
3412,Mor Nat,Bo.  59  ,24474,user1071189@email.com,1,25Mb,10,10.10.10.1,10.10.13.125,0:18:11:12,user_moril,pass_3412,HWTC6BE43A80
3413,Rod Mau,Haro 58  ,24261,user791062@email.com,1,25Mb,10,10.10.10.1,10.10.13.95,0:39:14:17,user_rodri,pass_3413,HWTC6BE45760
3418,Mar Mar,Bo L 78  ,24337,user843111@email.com,0,25Mb,10,10.10.10.1,10.10.10.245,0:33:51:1,user_marti,pass_3418,HWTC6BE49230
3419,Bar Bar,Tucu 619 ,24420,user327116@email.com,1,25Mb,10,10.10.10.1,10.10.11.30,0:55:11:47,user_barri,pass_3419,HWTC6BE44380
3420,Mu単 Ale,Sord 95  ,24425,user325912@email.com,1,25Mb,10,10.10.10.1,10.10.10.127,0:45:25:1,user_munoz,pass_3420,HWTC6BE45C40
3421,Lem Ber,Carm r)  ,24492,user1093523@email.com,1,25Mb,10,10.10.10.1,10.10.11.252,0:13:4:14,user_lemma,pass_3421,HWTC6BE49460
3422,Man Pao,Alsi 70  ,24266,user493200@email.com,1,25Mb,10,10.10.10.1,10.10.13.139,0:29:30:42,user_manzo,pass_3422,HWTC6BE4AA70
3426,Esc Sal,San  39  ,24459,user243657@email.com,1,200Mb,10,10.10.10.1,10.10.11.210,0:42:28:33,user_escal,pass_3426,HWTC6BE4A1C0
3429,Gon Mic,Dorr 34  ,24207,user599618@email.com,1,25Mb,10,10.10.10.1,10.10.13.33,0:7:16:28,user_gongo,pass_3429,HWTCB1A911C0
3432,Cho Alv,Sarm  6  ,24194,user522988@email.com,1,25Mb,10,10.10.10.1,10.10.12.211,0:14:23:58,user_choqu,pass_3432,HWTCB1A91980
3437,Ruf Elc,Bo.  31  ,24375,user577969@email.com,1,25Mb,10,10.10.10.1,10.10.11.142,0:6:27:16,user_ruffi,pass_3437,
3438,Gal Mai,Alte 437 ,24181,user574052@email.com,1,25Mb,10,10.10.10.1,10.10.11.6,0:50:4:21,user_galme,pass_3438,HWTCB1A925E0
3439,Gar Fia,Alve 12  ,24223,user355336@email.com,1,25Mb,10,10.10.10.1,10.10.12.1,0:5:30:47,user_garri,pass_3439,HWTCB1A92AD0
3442,Cas Mir,Puey 22  ,24392,user635123@email.com,1,15Mb,10,10.10.10.1,10.10.12.85,0:39:50:22,user_castr,pass_3442,HWTCB1A91D80
3443,Ros Nic,Avel o2  ,24462,user885053@email.com,1,25Mb,10,10.10.10.1,10.10.12.124,0:32:37:47,user_rosal,pass_3443,HWTCB1A901B0
3444,Mar Jua,Sord 31  ,24189,user548264@email.com,1,15Mb,10,10.10.10.1,10.10.11.132,0:16:31:28,user_marti,pass_3444,HWTCB1A8F620
3449,Let Emi,Bo.  86  ,24148,user224057@email.com,1,25Mb,10,10.10.10.1,10.10.13.87,0:23:24:4,user_letti,pass_3449,HWTC6BE494C0
3452,Fer Dai,Cons 30  ,24468,user408163@email.com,1,15Mb,10,10.10.10.1,10.10.10.5,0:9:4:40,user_ferra,pass_3452,HWTC6BE49CA0
3453,Zar Mon,Bo.  77  ,24162,user256014@email.com,1,25Mb,10,10.10.10.1,10.10.11.52,0:34:52:57,user_zarat,pass_3453,HWTCB1A90CC0
3456,Ben Cec,Belg 881 ,24341,user266369@email.com,1,15Mb,10,10.10.10.1,10.10.12.224,0:59:56:46,user_benag,pass_3456,HWTC6BE47CE0
3458,Leo Ver,Bo P  26 ,24126,user324806@email.com,1,25Mb,10,10.10.10.1,10.10.12.95,0:7:2:18,user_leopa,pass_3458,HWTC6BE47270
3459,Lop Fab,Bo 1  57 ,24125,user654844@email.com,1,15Mb,10,10.10.10.1,10.10.12.18,0:18:31:3,user_lopez,pass_3459,HWTC8E2910A0
3460,Car Ern,Larr 622 ,24113,user675661@email.com,1,15Mb,10,10.10.10.1,10.10.10.185,0:10:56:31,user_carba,pass_o622,HWTC6BE43760
3461,Gim Elv,Pell 473 ,24464,user840748@email.com,1,50Mb,10,10.10.10.1,10.10.11.190,0:35:23:47,user_gimen,pass_3461,HWTC8E28ED70
3462,Dag Cla,Haro 233 ,24324,user528932@email.com,1,15Mb,10,10.10.10.1,10.10.10.126,0:59:31:57,user_dagos,pass_3462,HWTC6BE48ED0
3464,Pal Gua,Belg 308 ,24380,user200938@email.com,1,25Mb,10,10.10.10.1,10.10.12.201,0:57:10:53,user_palmi,pass_3464,HWTC6BE49DE0
3466,Gar Nes,Bdo  511 ,24306,user232632@email.com,1,25Mb,10,10.10.10.1,10.10.13.199,0:35:34:29,user_garci,pass_3466,HWTC6BE48B60
3468,Car Lui,Sord 363 ,24053,user331762@email.com,1,25Mb,10,10.10.10.1,10.10.11.51,0:21:47:54,user_carda,pass_3468,HWTC6BE4ABC0
3470,Are Jul,Sant 955 ,24488,user604064@email.com,1,15Mb,10,10.10.10.1,10.10.12.51,0:21:21:56,user_areva,pass_3470,HWTC6BE45CB0
3471,Cor Mar,Mart 103 ,24221,user1097384@email.com,1,15Mb,10,10.10.10.1,10.10.11.44,0:40:28:53,user_corso,pass_3471,HWTC6BE49D10
3472,Del Nic,Avel 761 ,24128,user315011@email.com,1,50Mb,10,10.10.10.1,10.10.10.229,0:16:58:8,user_delti,pass_3472,HWTCB1A8FE10
3474,Tel NUL,Las  330 ,24217,user325555@email.com,1,15Mb,10,10.10.10.1,10.10.10.56,0:45:22:37,user_telet,pass_2474,HWTC6BE47A40
3475,Vig Jua,Cere no  ,24327,user295709@email.com,1,25Mb,10,10.10.10.1,10.10.13.11,0:39:13:10,user_vigli,pass_3475,HWTC6BE46A50
3477,Col Ber,Puey 322 ,24437,user1056856@email.com,1,15Mb,10,10.10.10.1,10.10.12.62,0:8:57:36,user_collo,pass_3477,HWTC6BE445A0
3479,Fit Luj,Bo E C65 ,24286,user1111937@email.com,1,15Mb,10,10.10.10.1,10.10.12.233,0:17:58:11,user_fitos,pass_3479,HWTC6BE461A0
3480,Gal Gia,Azul 54  ,24215,user716319@email.com,1,15Mb,10,10.10.10.1,10.10.13.90,0:8:49:35,user_galea,pass_3480,HWTC6B3F7DF0
3483,Rec Kev,9 de 10  ,24342,user383389@email.com,1,25Mb,10,10.10.10.1,10.10.10.44,0:53:5:38,user_recof,pass_3483,HWTC6BE47230
3486,Riv Nap,Cere 372 ,24455,user991544@email.com,1,25Mb,10,10.10.10.1,10.10.13.246,0:39:38:40,user_rivol,pass_3486,
3489,Bia Mar,Riva riba,24027,user432218@email.com,1,15Mb,10,10.10.10.1,10.10.11.241,0:48:6:12,user_biazu,pass_3489,
3492,Can Cel,Puey 125 ,24155,user534926@email.com,1,15Mb,10,10.10.10.1,10.10.10.33,0:21:9:41,user_candi,pass_3492,
3494,Mas Gus,Bo L  91 ,24028,user512401@email.com,1,15Mb,10,10.10.10.1,10.10.12.50,0:11:17:21,user_masca,pass_3494,
3495,Hig Edu,9 de 195 ,24286,user950677@email.com,1,15Mb,10,10.10.10.1,10.10.10.205,0:39:42:51,user_higa_,pass_3495,
3496,Dam Val,Dorr 318 ,24340,user626857@email.com,1,25Mb,10,10.10.10.1,10.10.10.99,0:38:44:42,user_dambr,pass_3496,
3498,Fre Jos,Bo L  41 ,24027,user936209@email.com,1,15Mb,10,10.10.10.1,10.10.13.216,0:2:40:49,user_frede,pass_3498,
3499,Bra Mat,Hipo em  ,24399,user483997@email.com,1,15Mb,10,10.10.10.1,10.10.13.97,0:17:21:38,user_brayl,pass_3499,